"Variable","Min","Q1","Median","Mean","Q3","Max","IQR"
"Prestige",24.8,45.225,53.6,56.8333333333333,69.275,97.2,24.05
"Education",6.38,8.445,10.54,10.7380392156863,12.6475,15.97,4.2025
"Income",1611,5106,6930.5,7797.90196078431,9187.25,26879,4081.25
