"Variable","Mean","Median","Mode"
"Prestige",56.8333333333333,53.6,45.9
"Education",10.7380392156863,10.54,7.58
"Income",7797.90196078431,6930.5,4485
